BATCH-R3-1121,AFY_BATCH_PRODUCTION_20260821_R3,2389,'50023,Vermont,Washington,59652,Alectric,ChIJ2bjmsGoBtUwRJwCqaC_v9bo,,8,60,Barre,"15 Bolster Rd, Barre, VT 05641",OPERATIONAL,TEXT_SEARCH_PRO_IDENTITY,
BATCH-R3-1122,AFY_BATCH_PRODUCTION_20260821_R3,1540,'35009,New Mexico,Curry,46655,"Snider Electric, Inc.",ChIJU05VlkHeAocRQCi85OtTTxU,,8,42,Clovis,"3220 Axtell St, Clovis, NM 88101",OPERATIONAL,TEXT_SEARCH_PRO_IDENTITY,
BATCH-R3-1123,AFY_BATCH_PRODUCTION_20260821_R3,2632,'55081,Wisconsin,Monroe,46572,Hoeft Electric LLC,ChIJN9lXdUFpBiIRyJYyDszozSQ,,8,60,Sparta,"9070 Ebony Rd, Sparta, WI 54656",OPERATIONAL,TEXT_SEARCH_PRO_IDENTITY,
BATCH-R3-1124,AFY_BATCH_PRODUCTION_20260821_R3,1016,'23027,Maine,Waldo,40693,Justin Electric,ChIJa1uraaN2rkwR8QsC5x22Bnw,,8,60,Lincolnville,"183 Masalin Rd, Lincolnville, ME 04849",OPERATIONAL,TEXT_SEARCH_PRO_IDENTITY,
BATCH-R3-1125,AFY_BATCH_PRODUCTION_20260821_R3,2658,'56001,Wyoming,Albany,38558,Highpoint Electric,ChIJjz8XUpxewU4RFIlc9U7yQEs,,8,60,Laramie,"315 Corthell Rd, Laramie, WY 82070",OPERATIONAL,TEXT_SEARCH_PRO_IDENTITY,
BATCH-R3-1126,AFY_BATCH_PRODUCTION_20260821_R3,1410,'30093,Montana,Silver Bow,36118,Trademark Elite Electrical Services Corp,ChIJ5z0IppwJW1MR3TMjPXAnk-k,,8,25,Butte,"24 Ohio St, Butte, MT 59701",OPERATIONAL,TEXT_SEARCH_PRO_IDENTITY,
BATCH-R3-1127,AFY_BATCH_PRODUCTION_20260821_R3,1726,'38089,North Dakota,Stark,34013,Berger Electric,ChIJ0XYWUEM9JlMRwv8rJy0NY2w,,8,39,Dickinson,"265 21st St E, Dickinson, ND 58601",OPERATIONAL,TEXT_SEARCH_PRO_IDENTITY,
BATCH-R3-1128,AFY_BATCH_PRODUCTION_20260821_R3,1419,'31001,Nebraska,Adams,31071,Lyd Electric,ChIJ1U2vzO6jmYcRYUPAXla-ugk,,8,32,Hastings,"1235 N Hewett Ave, Hastings, NE 68901",OPERATIONAL,TEXT_SEARCH_PRO_IDENTITY,
BATCH-R3-1129,AFY_BATCH_PRODUCTION_20260821_R3,1038,'26007,Michigan,Alpena,28853,Werth Electric Inc,ChIJNXb3ex1cM00Rio4NKZdQMB0,,8,35,Alpena,"2145 La Forest Ave, Alpena, MI 49707",OPERATIONAL,TEXT_SEARCH_PRO_IDENTITY,
BATCH-R3-1130,AFY_BATCH_PRODUCTION_20260821_R3,228,'08083,Colorado,Montezuma,26678,"Sturdy Electrical, Ltd.",ChIJ499Kr5BzOYcRbwCXZlJp4Kk,,8,60,Cortez,"18184 Co Rd 21, Cortez, CO 81321",OPERATIONAL,TEXT_SEARCH_PRO_IDENTITY,
BATCH-R3-1131,AFY_BATCH_PRODUCTION_20260821_R3,1902,'41065,Oregon,Wasco,26310,East Cascade Electric,ChIJn5tyRgUcllQRmlnpTfWSAJA,,8,60,The Dalles,"1141 Oak St W, The Dalles, OR 97058",OPERATIONAL,TEXT_SEARCH_PRO_IDENTITY,
BATCH-R3-1132,AFY_BATCH_PRODUCTION_20260821_R3,2533,'53055,Washington,San Juan,18577,Island Electric,ChIJ29MPm0x8j1QRWQpiUmpldRg,,8,60,Friday Harbor,"64 Eureka Dr, Friday Harbor, WA 98250",OPERATIONAL,TEXT_SEARCH_PRO_IDENTITY,
BATCH-R3-1133,AFY_BATCH_PRODUCTION_20260821_R3,1876,'41001,Oregon,Baker,16658,Second Mile Electric Inc,ChIJVVWluhnppFQRETZ504zzLUI,,8,30,Baker City,"Baker City, OR 97814",OPERATIONAL,TEXT_SEARCH_PRO_IDENTITY,
BATCH-R3-1134,AFY_BATCH_PRODUCTION_20260821_R3,465,'16085,Idaho,Valley,12831,West Mountain Electric,ChIJ60LSImimsgURgQIBb5LVR4U,,8,60,Donnelly,"E 4 Ln, Donnelly, ID 83615",OPERATIONAL,TEXT_SEARCH_PRO_IDENTITY,
BATCH-R3-1135,AFY_BATCH_PRODUCTION_20260821_R3,1430,'31023,Nebraska,Butler,8507,Woolsey Electric LLC,ChIJlQz2mPogkYcRB9NI54LE2VY,,8,60,David City,"1707 41 Rd, David City, NE 68632",OPERATIONAL,TEXT_SEARCH_PRO_IDENTITY,
BATCH-R3-1136,AFY_BATCH_PRODUCTION_20260821_R3,9002,'02090,Alaska,Fairbanks North Star,0,Star Electric Inc,ChIJF8QBsZlaMlERWl0PcZIz958,,8,17,Fairbanks,"1785 Donald Ave, Fairbanks, AK 99701",OPERATIONAL,TEXT_SEARCH_PRO_IDENTITY,
BATCH-R3-1137,AFY_BATCH_PRODUCTION_20260821_R3,9043,'25027,Massachusetts,Worcester,0,Worcester Electrician,ChIJD7xN-sgI5IkR3UIMFyh9xlI,,8,60,Shrewsbury,"9 Anglin Ln, Shrewsbury, MA 01545",OPERATIONAL,TEXT_SEARCH_PRO_IDENTITY,
BATCH-R3-1138,AFY_BATCH_PRODUCTION_20260821_R3,2534,'53057,Washington,Skagit,132975,Ackermann Electric Company,ChIJYYkpN7NuhVQRepiZBGxduDc,,7,60,Mount Vernon,"1700 Railroad Ave, Mount Vernon, WA 98273",OPERATIONAL,TEXT_SEARCH_PRO_IDENTITY,
BATCH-R3-1139,AFY_BATCH_PRODUCTION_20260821_R3,1893,'41043,Oregon,Linn,132843,"Big Valley Electric, LLC",ChIJfzMzJtUSwFQRRN37rM4uGHI,,7,60,Albany,"1534 Queen Ave SE, Albany, OR 97322",OPERATIONAL,TEXT_SEARCH_PRO_IDENTITY,
BATCH-R3-1140,AFY_BATCH_PRODUCTION_20260821_R3,1788,'39139,Ohio,Richland,124893,Thomas Electric,ChIJq0UQx9CWOYgR5dr_KtOOvW0,,7,60,Mansfield,"23 Mansfield Industrial Pkwy, Mansfield, OH 44903",OPERATIONAL,TEXT_SEARCH_PRO_IDENTITY,
